{
  "files_total": 47,
  "files_failed": 0,
  "error_rate": 0.0,
  "bytes_total": 127106657,
  "wall_seconds": 37.10246099997312,
  "throughput_mbps_wall": 27.406625560518393,
  "per_file_latency_s": {
    "p50": 5.4229418999748304,
    "p90": 10.225304779969155,
    "p95": 12.961788200039878,
    "p99": 14.719956781978253
  },
  "concurrency": 8,
  "chunk_mb": 32,
  "retries": 3,
  "prefix": "images_4k/",
  "nic": "aggregate",
  "sys_interval": 1.0,
  "timestamp": "2025-09-26T12:11:17.828828Z"
}