{
  "files_total": 300,
  "files_failed": 0,
  "error_rate": 0.0,
  "bytes_total": 125777247,
  "wall_seconds": 24.89190940000117,
  "throughput_mbps_wall": 40.423495033287914,
  "per_file_latency_s": {
    "p50": 0.45099339995067567,
    "p90": 1.319606390001718,
    "p95": 1.8192083199450282,
    "p99": 2.6512879139499246
  },
  "concurrency": 8,
  "chunk_mb": 32,
  "retries": 3,
  "prefix": "images_1080p/",
  "nic": "aggregate",
  "sys_interval": 1.0,
  "timestamp": "2025-09-25T14:49:47.538721Z"
}