{
  "files_total": 300,
  "files_failed": 0,
  "error_rate": 0.0,
  "bytes_total": 125777247,
  "wall_seconds": 25.027946599991992,
  "throughput_mbps_wall": 40.203776685392235,
  "per_file_latency_s": {
    "p50": 0.5041448000119999,
    "p90": 1.2136283499887215,
    "p95": 1.5159235999861274,
    "p99": 2.9269545319816097
  },
  "concurrency": 8,
  "chunk_mb": 32,
  "retries": 3,
  "prefix": "images_1080p/",
  "nic": "aggregate",
  "sys_interval": 1.0,
  "timestamp": "2025-09-25T14:40:08.026235Z"
}