{
  "files_total": 300,
  "files_failed": 0,
  "error_rate": 0.0,
  "bytes_total": 57774528,
  "wall_seconds": 9.676169199985452,
  "throughput_mbps_wall": 47.76644707708242,
  "per_file_latency_s": {
    "p50": 0.22016979998443276,
    "p90": 0.283413540001493,
    "p95": 0.30497888003010304,
    "p99": 1.4299158320599232
  },
  "concurrency": 8,
  "chunk_mb": 32,
  "retries": 3,
  "prefix": "images_720p/",
  "nic": "aggregate",
  "sys_interval": 1.0,
  "timestamp": "2025-09-05T16:06:27.256622Z"
}