{
  "files_total": 300,
  "files_failed": 0,
  "error_rate": 0.0,
  "bytes_total": 125777247,
  "wall_seconds": 46.02386040001875,
  "throughput_mbps_wall": 21.862963411899933,
  "per_file_latency_s": {
    "p50": 1.038909800030524,
    "p90": 2.203125110024121,
    "p95": 2.879820099999779,
    "p99": 3.5032922249729745
  },
  "concurrency": 8,
  "chunk_mb": 32,
  "retries": 3,
  "prefix": "images_1080p/",
  "nic": "aggregate",
  "sys_interval": 1.0,
  "timestamp": "2025-09-24T13:07:44.469801Z"
}