{
  "files_total": 47,
  "files_failed": 0,
  "error_rate": 0.0,
  "bytes_total": 127106657,
  "wall_seconds": 50.50348339998163,
  "throughput_mbps_wall": 20.134319210155113,
  "per_file_latency_s": {
    "p50": 6.692245199927129,
    "p90": 17.0186369799776,
    "p95": 18.442542560014406,
    "p99": 20.921773419983218
  },
  "concurrency": 8,
  "chunk_mb": 32,
  "retries": 3,
  "prefix": "images_4k/",
  "nic": "aggregate",
  "sys_interval": 1.0,
  "timestamp": "2025-09-26T12:30:15.543895Z"
}