{
  "files_total": 47,
  "files_failed": 0,
  "error_rate": 0.0,
  "bytes_total": 127106657,
  "wall_seconds": 60.07535369996913,
  "throughput_mbps_wall": 16.926296615387592,
  "per_file_latency_s": {
    "p50": 8.684573699953035,
    "p90": 15.360914839967153,
    "p95": 17.549703859945282,
    "p99": 22.95020303197205
  },
  "concurrency": 8,
  "chunk_mb": 32,
  "retries": 3,
  "prefix": "images_4k/",
  "nic": "aggregate",
  "sys_interval": 1.0,
  "timestamp": "2025-09-25T18:30:34.278398Z"
}