{
  "frames_total": 298,
  "bytes_total": 19585846,
  "wall_seconds": 26.559109210968018,
  "throughput_mbps_wall": 5.899549068283271,
  "FPS_avg": 11.408515157386047,
  "per_frame_latency_s": {
    "p50": 0.32198335003340617,
    "p90": 0.3949954300303944,
    "p95": 0.4244609100162051,
    "p99": 1.1460551999206654
  },
  "concurrency": 4,
  "prefix": "stream_test/",
  "nic": "aggregate",
  "sys_interval": 1.0,
  "timestamp": "2025-09-29T17:27:15.249733Z"
}