{
  "files_total": 47,
  "files_failed": 0,
  "error_rate": 0.0,
  "bytes_total": 127106657,
  "wall_seconds": 41.01681810000446,
  "throughput_mbps_wall": 24.79112966590379,
  "per_file_latency_s": {
    "p50": 6.464567999937572,
    "p90": 11.28643827997148,
    "p95": 13.348767540021797,
    "p99": 16.39380312000867
  },
  "concurrency": 8,
  "chunk_mb": 32,
  "retries": 3,
  "prefix": "images_4k/",
  "nic": "aggregate",
  "sys_interval": 1.0,
  "timestamp": "2025-09-26T12:33:21.731887Z"
}