{
  "files_total": 300,
  "files_failed": 0,
  "error_rate": 0.0,
  "bytes_total": 125777247,
  "wall_seconds": 69.01953410007991,
  "throughput_mbps_wall": 14.578741933275888,
  "per_file_latency_s": {
    "p50": 1.6300581999821588,
    "p90": 3.270546600024682,
    "p95": 3.8806634799519104,
    "p99": 4.830317917952779
  },
  "concurrency": 8,
  "chunk_mb": 32,
  "retries": 3,
  "prefix": "images_1080p/",
  "nic": "aggregate",
  "sys_interval": 1.0,
  "timestamp": "2025-09-25T18:28:27.130898Z"
}