{
  "files_total": 300,
  "files_failed": 0,
  "error_rate": 0.0,
  "bytes_total": 57774528,
  "wall_seconds": 22.096221500018146,
  "throughput_mbps_wall": 20.917432602656543,
  "per_file_latency_s": {
    "p50": 0.4941724000091199,
    "p90": 1.066415260033682,
    "p95": 1.3350769199925714,
    "p99": 1.8983893440116615
  },
  "concurrency": 8,
  "chunk_mb": 32,
  "retries": 3,
  "prefix": "images_720p/",
  "nic": "aggregate",
  "sys_interval": 1.0,
  "timestamp": "2025-09-24T12:50:12.470289Z"
}