{
  "files_total": 650,
  "files_failed": 0,
  "error_rate": 0.0,
  "bytes_total": 124375899,
  "wall_seconds": 38.07155509991571,
  "throughput_mbps_wall": 26.135186476850873,
  "per_file_latency_s": {
    "p50": 0.3858881000196561,
    "p90": 0.8431019299896435,
    "p95": 1.0496662600256963,
    "p99": 1.5739564619970037
  },
  "concurrency": 8,
  "chunk_mb": 32,
  "retries": 3,
  "prefix": "images_720p/",
  "nic": "aggregate",
  "sys_interval": 1.0,
  "timestamp": "2025-09-26T12:13:06.795340Z"
}