{
  "frames_total": 140,
  "bytes_total": 23964722,
  "wall_seconds": 16.030194997787476,
  "throughput_mbps_wall": 11.959790634266229,
  "per_frame_latency_s": {
    "p50": 0.32902259996626526,
    "p90": 0.3920014699455351,
    "p95": 0.42193597497534935,
    "p99": 0.9151433560450084
  },
  "concurrency": 4,
  "prefix": "stream_test/",
  "nic": "aggregate",
  "sys_interval": 1.0,
  "timestamp": "2025-09-29T12:01:35.028487Z"
}