{
  "frames_total": 141,
  "bytes_total": 9088872,
  "wall_seconds": 10.946891069412231,
  "throughput_mbps_wall": 6.642157626211224,
  "per_frame_latency_s": {
    "p50": 0.2646425999701023,
    "p90": 0.30579140002373606,
    "p95": 0.33111899998039007,
    "p99": 0.7191710800165309
  },
  "concurrency": 4,
  "prefix": "stream_test/",
  "nic": "aggregate",
  "sys_interval": 1.0,
  "timestamp": "2025-09-28T18:24:21.870648Z"
}