{
  "files_total": 650,
  "files_failed": 0,
  "error_rate": 0.0,
  "bytes_total": 124375899,
  "wall_seconds": 36.56553630006965,
  "throughput_mbps_wall": 27.21161215398623,
  "per_file_latency_s": {
    "p50": 0.3716104499762878,
    "p90": 0.7138638500822708,
    "p95": 0.8720131749520076,
    "p99": 1.6994118859921579
  },
  "concurrency": 8,
  "chunk_mb": 32,
  "retries": 3,
  "prefix": "images_720p/",
  "nic": "aggregate",
  "sys_interval": 1.0,
  "timestamp": "2025-09-26T12:31:25.327842Z"
}