{
  "files_total": 650,
  "files_failed": 0,
  "error_rate": 0.0,
  "bytes_total": 124375899,
  "wall_seconds": 37.92627699999139,
  "throughput_mbps_wall": 26.235298339465956,
  "per_file_latency_s": {
    "p50": 0.41842165001435205,
    "p90": 0.7203768000006676,
    "p95": 0.8437869199900887,
    "p99": 1.4065258930309208
  },
  "concurrency": 8,
  "chunk_mb": 32,
  "retries": 3,
  "prefix": "images_720p/",
  "nic": "aggregate",
  "sys_interval": 1.0,
  "timestamp": "2025-09-26T12:28:13.410790Z"
}